City_ID,City,Lat,Lng,Max Temp,Humidity,Cloudiness,Wind Speed,Country,Date
0,bethel,41.3712,-73.414,17.16,87,100,6.17,US,1742152335
1,korla,41.7597,86.1469,3.42,27,100,1.46,CN,1742152336
2,itoman,26.1247,127.6694,14.21,67,75,10.8,JP,1742152338
3,chonchi,-42.6128,-73.8092,17.29,62,100,0.55,CL,1742152339
4,port elizabeth,-33.918,25.5701,19.06,96,94,4.92,ZA,1742152341
5,port mathurin,-19.6833,63.4167,27.93,77,24,3.9,MU,1742152343
6,nuku'alofa,-21.1333,-175.2,24.19,100,100,2.57,TO,1742152345
7,stanley,54.868,-1.6985,5.85,86,75,3.6,GB,1742152346
8,waitangi,-43.9535,-176.5597,16.57,93,26,3.58,NZ,1742152347
9,saurimo,-9.6608,20.3916,19.04,93,100,1.25,AO,1742152349
10,ushuaia,-54.8,-68.3,13.17,55,51,2.57,AR,1742152350
11,ad dabbah,18.05,30.95,28.67,16,64,4.37,SD,1742152352
12,vadso,70.0744,29.7487,-6.91,86,40,8.75,NO,1742152353
13,aroma,15.8167,36.1333,32.19,18,80,2.73,SD,1742152355
14,avarua,-21.2078,-159.775,29.03,79,40,4.12,CK,1742152357
15,invercargill,-46.4,168.35,19.84,55,100,4.4,NZ,1742152359
16,salinopolis,-0.6136,-47.3561,24.97,93,100,3.01,BR,1742152361
17,college,64.8569,-147.8028,-12.66,66,75,2.06,US,1742152362
18,el quebrachal,-25.2833,-64.0667,23.57,74,99,3.16,AR,1742152364
19,jamestown,42.097,-79.2353,15.57,91,100,9.39,US,1742152365
20,adamstown,-25.066,-130.1015,24.69,80,26,4.43,PN,1742152367
21,novi pazar,43.1367,20.5122,10.04,60,2,3.64,RS,1742152368
22,colonia,50.9333,6.95,7.19,49,0,3.09,DE,1742152369
23,ribeira grande,38.5167,-28.7,15.22,72,40,12.86,PT,1742152371
24,ust-nera,64.5667,143.2,-35.04,97,56,0.9,RU,1742152372
25,baiona,43.4833,-1.4833,8.3,71,75,1.54,FR,1742152374
26,levuka,50.1834,-105.4011,-7.46,87,100,4.38,CA,1742152375
27,port-aux-francais,-49.35,70.2167,5.93,68,6,9.11,TF,1742152376
28,port hedland,-20.3167,118.5667,28.03,83,40,4.63,AU,1742152378
29,aykhal,66.0,111.5,-2.6,86,63,8.38,RU,1742152379
30,kapuskasing,49.4169,-82.4331,-9.95,85,100,6.17,CA,1742152381
31,sola,-13.8833,167.55,27.8,79,13,4.86,VU,1742152382
32,georgetown,5.4112,100.3354,28.96,74,20,2.06,MY,1742152350
33,chandbali,20.7833,86.7667,23.51,86,0,3.49,IN,1742152385
34,apolinario saravia,-24.4328,-63.9954,20.23,93,100,1.74,AR,1742152387
35,edinburgh of the seven seas,-37.0676,-12.3116,20.04,95,100,14.29,SH,1742152388
36,kirakira,-10.4544,161.9205,26.62,86,100,4.01,SB,1742152390
37,susuman,62.7833,148.1667,-29.92,100,100,0.84,RU,1742152391
38,bilibino,68.0546,166.4372,-31.34,87,14,1.88,RU,1742152393
39,papatowai,-46.5619,169.4708,15.99,71,100,2.9,NZ,1742152394
40,la passe,45.5549,-0.8967,3.94,84,100,2.31,FR,1742152396
41,albany,42.6001,-73.9662,18.49,78,100,3.58,US,1742152293
42,grytviken,-54.2811,-36.5092,4.25,78,7,5.35,GS,1742152400
43,lambarene,-0.7001,10.2406,25.82,91,99,2.12,GA,1742152402
44,iqaluit,63.7506,-68.5145,-16.15,71,75,2.57,CA,1742152405
45,rio grande,-32.035,-52.0986,23.74,62,85,5.64,BR,1742152406
46,orosi,36.5449,-119.2873,17.12,62,20,3.13,US,1742152410
47,westport,41.1415,-73.3579,16.82,87,100,8.23,US,1742152411
48,ciudad lazaro cardenas,17.9583,-102.2,28.42,52,7,4.39,MX,1742152413
49,olonkinbyen,70.9221,-8.7187,-2.04,96,100,10.73,SJ,1742152414
50,hamilton,39.1834,-84.5333,10.05,88,100,8.23,US,1742152011
51,longyearbyen,78.2186,15.6401,-17.09,66,75,4.63,SJ,1742152417
52,port lincoln,-34.7333,135.8667,15.89,57,12,7.97,AU,1742152418
53,avon,41.4517,-82.0354,14.95,75,100,10.29,US,1742151846
54,west island,-12.1568,96.8225,27.99,83,40,5.66,CC,1742152421
55,bredasdorp,-34.5322,20.0403,19.26,82,100,1.79,ZA,1742152422
56,caleta de carquin,-11.0925,-77.6267,24.84,72,83,5.52,PE,1742152424
57,tazacorte,28.629,-17.9293,20.54,92,40,2.57,ES,1742152425
58,talara,-4.5772,-81.2719,30.42,54,0,5.14,PE,1742152428
59,coquimbo,-29.9533,-71.3436,21.66,59,20,6.17,CL,1742152313
60,iskateley,67.6803,53.1512,-8.3,86,10,10.06,RU,1742152433
61,isafjordur,66.0755,-23.124,3.28,91,86,5.41,IS,1742152435
62,don luan,11.5333,106.9167,23.86,74,100,1.44,VN,1742152436
63,andergrove,-21.0833,149.1833,25.14,83,100,3.12,AU,1742152438
64,sawakin,19.1059,37.3321,25.1,80,0,2.64,SD,1742152442
65,peniche,39.3558,-9.3811,12.89,91,100,6.19,PT,1742152443
66,codrington,-38.2667,141.9667,13.24,52,35,5.98,AU,1742152446
67,wailua homesteads,22.0669,-159.378,21.74,90,100,3.6,US,1742152447
68,mejit,10.2753,170.8646,26.67,82,100,10.56,MH,1742152450
69,blackmans bay,-43.0167,147.3167,8.07,76,24,5.54,AU,1742152452
70,saipan,15.1355,145.701,26.47,87,40,3.09,MP,1742152453
71,akrehamn,59.2667,5.1833,4.14,56,0,6.69,NO,1742152455
72,zheleznodorozhnyy,55.7503,38.0042,1.16,59,27,3.42,RU,1742152368
73,udachny,66.4167,112.4,-3.98,88,75,6.78,RU,1742152315
74,burang,30.25,81.1667,-11.08,97,100,2.61,CN,1742152322
75,crane,31.3974,-102.3501,18.72,13,0,8.4,US,1742152461
76,yellowknife,62.456,-114.3525,-21.36,58,87,1.79,CA,1742152462
77,maumere,-8.6199,122.2111,25.86,87,97,1.97,ID,1742152464
78,puerto baquerizo moreno,-0.9,-89.6,31.55,66,40,3.6,EC,1742152208
79,udomlya,57.8794,34.9925,-3.93,92,100,3.99,RU,1742152466
80,martuk,50.7475,56.5056,7.13,85,100,6.38,KZ,1742152476
81,port shepstone,-30.7414,30.455,23.41,73,100,10.24,ZA,1742152478
82,qamdo,31.1667,97.2333,0.56,56,99,3.94,CN,1742152480
83,fort st. john,56.2499,-120.8529,-10.06,79,100,2.06,CA,1742152481
84,selfoss,63.9331,-20.9971,6.41,87,100,4.36,IS,1742152482
85,khandyga,62.6667,135.6,-30.41,100,88,0.86,RU,1742152484
86,margaret river,-33.95,115.0667,14.5,75,0,5.28,AU,1742152485
87,hawaiian paradise park,19.5933,-154.9731,22.63,96,32,0.89,US,1742152486
88,puerto natales,-51.7236,-72.4875,15.25,51,75,3.6,CL,1742152488
89,voronovytsya,49.1095,28.6808,3.92,57,100,2.97,UA,1742152489
90,tanakpur,29.0833,80.1167,18.35,56,2,3.81,IN,1742152491
91,port alfred,-33.5906,26.891,18.99,91,81,1.34,ZA,1742152492
92,falmouth,50.1544,-5.0711,6.32,60,38,1.54,GB,1742152493
93,nemuro,43.3236,145.575,-1.96,95,100,12.87,JP,1742152495
94,hermanus,-34.4187,19.2345,17.11,89,100,1.63,ZA,1742152497
95,fale old settlement,-9.3852,-171.2468,28.35,78,100,6.88,TK,1742152499
96,saudarkrokur,65.7461,-19.6394,4.03,84,100,6.81,IS,1742152501
97,st. john's,47.5649,-52.7093,1.27,86,100,0.89,CA,1742152506
98,uturoa,-16.7333,-151.4333,28.18,75,40,6.12,PF,1742152508
99,puerto ayora,-0.7393,-90.3518,29.19,87,36,2.24,EC,1742152509
100,roma,43.2128,-75.4557,20.38,63,100,6.69,US,1742152513
101,petropavlovsk-kamchatsky,53.0452,158.6483,-10.67,41,0,2.0,RU,1742152515
102,qaqortoq,60.7167,-46.0333,-3.13,87,100,2.74,GL,1742152516
103,aketi,2.7388,23.7833,22.85,92,100,1.24,CD,1742152517
104,queenstown,-31.8976,26.8753,16.56,85,28,1.57,ZA,1742152518
105,baikonur,45.6167,63.3167,11.23,43,60,3.91,KZ,1742152520
106,luderitz,-26.6481,15.1594,18.61,74,0,8.63,NA,1742152521
107,erseke,40.3378,20.6789,7.42,89,0,2.0,AL,1742152523
108,dudinka,69.4058,86.1778,-11.03,87,55,8.33,RU,1742152525
109,lahad datu,5.0268,118.327,23.92,95,100,2.85,MY,1742152526
110,ar rahad,12.7167,30.65,28.91,16,6,4.02,SD,1742152528
111,nouadhibou,20.931,-17.0347,23.99,41,0,8.23,MR,1742152484
112,omdurman,15.6445,32.4777,30.9,12,6,5.39,SD,1742152530
113,dwarka,22.2394,68.9678,24.93,62,0,5.31,IN,1742152532
114,salalah,17.0151,54.0924,27.05,78,20,1.54,OM,1742152533
115,papao,-17.75,-149.55,27.82,81,16,9.44,PF,1742152535
116,enewetak,11.3474,162.3373,26.64,80,100,9.83,MH,1742152536
117,vetluzhskiy,58.3902,45.4654,-3.27,71,99,2.68,RU,1742152537
118,el calafate,-50.3408,-72.2768,13.79,60,100,1.61,AR,1742152130
119,san isidro de curuguaty,-24.5167,-55.7,37.22,21,5,0.78,PY,1742152541
120,lichinga,-13.3128,35.2406,20.05,77,75,3.6,MZ,1742152542
121,atafu village,-8.5421,-172.5159,28.69,74,98,6.98,TK,1742152544
122,whitehorse,60.7161,-135.0538,-14.03,92,99,0.49,CA,1742152545
123,thompson,55.7435,-97.8558,-14.19,77,100,4.79,CA,1742152418
124,utrik,11.2278,169.8474,26.62,81,100,10.36,MH,1742152548
125,tiksi,71.6872,128.8694,-16.13,89,100,4.92,RU,1742152550
126,madinat ash shamal,26.1293,51.2009,21.47,60,100,5.08,QA,1742152552
127,gadzhiyevo,69.2551,33.3362,-3.44,67,100,11.37,RU,1742152554
128,qarazhal,48.0078,70.7903,-3.58,82,24,4.5,KZ,1742152307
129,feodosiya,45.0333,35.3833,14.04,55,100,3.33,UA,1742152557
130,norrtalje,59.758,18.705,-1.1,61,6,4.81,SE,1742152559
131,ad dawadimi,24.5077,44.3924,16.64,40,0,4.74,SA,1742152560
132,shingu,33.7333,135.9833,5.59,81,16,7.6,JP,1742152562
133,templeton,35.5497,-120.706,15.47,66,0,4.02,US,1742152564
134,porto novo,6.4965,2.6036,28.61,77,47,5.29,BJ,1742152565
135,tofol,5.3248,163.0078,27.77,81,96,8.94,FM,1742152568
136,maridi,4.9158,29.4742,25.99,47,88,2.04,SS,1742152570
137,illizi,26.4833,8.4667,26.2,17,5,3.52,DZ,1742152572
138,marka,1.7159,44.7717,26.67,87,78,6.49,SO,1742152573
139,igarka,67.4667,86.5833,-15.02,97,25,3.37,RU,1742152574
140,sant antoni de portmany,38.9807,1.3036,14.49,79,20,4.63,ES,1742152576
141,flying fish cove,-10.4217,105.6791,25.82,94,100,0.51,CX,1742152577
142,egilsstadir,65.2653,-14.3948,2.16,71,79,2.39,IS,1742152579
143,tunceli,39.1083,39.5471,13.2,60,22,2.86,TR,1742152580
144,juneau,58.3019,-134.4197,-1.0,100,40,5.14,US,1742152581
145,safford,32.834,-109.7076,14.51,40,0,3.6,US,1742152568
146,amahai,-3.3333,128.9167,26.09,83,100,2.48,ID,1742152584
147,sungai raya,0.7,108.9,23.97,92,100,3.57,ID,1742152585
148,lucapa,-8.4192,20.7447,20.12,93,100,0.47,AO,1742152587
149,howrah,22.5892,88.3103,28.0,83,40,1.54,IN,1742152589
150,burutu,5.3509,5.5076,28.29,75,98,4.41,NG,1742152591
151,mato verde,-15.3972,-42.8664,36.92,14,22,3.22,BR,1742152594
152,jinshi,29.6049,111.8701,6.62,58,100,0.94,CN,1742152595
153,damghan,36.1683,54.348,14.83,21,84,1.17,IR,1742152597
154,ilulissat,69.2167,-51.1,-7.99,86,100,5.66,GL,1742152600
155,itaituba,-4.2761,-55.9836,28.53,90,95,1.3,BR,1742152474
156,westerland,54.9079,8.3033,5.52,94,75,4.12,DE,1742152603
157,haiku-pauwela,20.9219,-156.3051,24.03,79,40,8.94,US,1742152604
158,kundiawa,-6.0167,144.9667,15.59,97,100,1.15,PG,1742152607
159,keflavik,64.0049,-22.5624,7.24,100,75,8.23,IS,1742152609
160,waingapu,-9.6567,120.2641,25.49,88,100,3.37,ID,1742152610
161,ode,7.7899,5.7117,31.54,32,100,1.4,NG,1742152613
162,simanggang,1.2472,111.4528,23.99,100,100,0.51,MY,1742152615
163,badger,64.8,-147.5333,-12.7,67,0,2.06,US,1742152617
164,susanville,40.4163,-120.653,8.91,53,0,15.43,US,1742152618
165,devils lake,48.1128,-98.8651,-5.59,64,100,5.66,US,1742152364
166,changzhi,35.2089,111.7386,2.88,33,64,3.04,CN,1742152471
167,posto fiscal rolim de moura,-13.0833,-62.2667,32.64,56,89,1.62,BR,1742152623
168,aasiaat,68.7098,-52.8699,-12.33,91,80,5.02,GL,1742152625
169,severo-yeniseyskiy,60.3725,93.0408,-3.26,75,75,5.47,RU,1742152626
170,gordon,34.5004,-84.8666,21.79,37,20,8.23,US,1742152628
171,san patricio,28.017,-97.5169,26.97,18,0,3.58,US,1742152629
172,smithers,54.7804,-127.1743,-0.82,69,75,1.03,CA,1742152630
173,lorengau,-2.0226,147.2712,27.82,73,100,4.74,PG,1742152632
174,guiuan,11.0333,125.7247,27.15,78,100,5.65,PH,1742152633
175,kapa'a,22.0752,-159.319,22.49,90,100,3.6,US,1742152635
176,nova sintra,14.8667,-24.7167,21.24,83,4,13.11,CV,1742152636
177,gallup,35.5281,-108.7426,8.91,40,0,3.6,US,1742152638
178,kiunga,-6.1219,141.2906,22.84,96,100,0.35,PG,1742152639
179,concepcion del oro,24.6333,-101.4167,17.24,11,24,4.43,MX,1742152641
180,karratha,-20.7377,116.8463,31.58,54,100,5.22,AU,1742152642
181,petukhovo,55.0692,67.9019,0.75,99,100,5.41,RU,1742152644
182,constantia,44.1833,28.65,8.38,81,89,1.7,RO,1742152645
183,kourou,5.1552,-52.6478,28.15,70,100,4.1,GF,1742152646
184,sisimiut,66.9395,-53.6735,-10.49,85,41,2.22,GL,1742152648
185,mindelo,16.8901,-24.9804,22.75,64,20,13.38,CV,1742152649
186,kimbe,-5.5502,150.1429,24.51,93,67,1.1,PG,1742152650
187,chiredzi,-21.05,31.6667,20.13,65,0,2.28,ZW,1742152652
188,toliara,-23.35,43.6667,22.94,73,2,8.04,MG,1742152657
189,xilin hot,43.9667,116.0333,-7.75,72,100,7.04,CN,1742152658
190,lagoa,39.05,-27.9833,13.8,77,98,15.61,PT,1742152660
191,canton,23.1167,113.25,15.03,45,39,4.79,CN,1742152448
192,arraial do cabo,-22.9661,-42.0278,25.92,89,75,2.57,BR,1742152568
193,stornoway,58.2093,-6.3865,7.27,82,40,3.09,GB,1742152624
194,punta arenas,-53.15,-70.9167,13.06,62,0,3.6,CL,1742152667
195,lazaro cardenas,17.9583,-102.2,28.42,52,7,4.39,MX,1742152668
196,mariinsk,56.2139,87.7472,-6.47,94,30,2.54,RU,1742152628
197,anaconda,46.1285,-112.9423,3.74,79,100,5.53,US,1742152562
198,tefe,-3.3542,-64.7114,31.06,74,40,3.09,BR,1742152673
199,zhumysker,49.3333,49.4,17.95,45,100,7.57,KZ,1742152675
200,i-n-salah,27.1935,2.4607,25.78,14,0,0.75,DZ,1742152677
201,mutum biyu,8.6333,10.7667,32.52,10,100,1.52,NG,1742152678
202,mokopane,-24.1944,29.0097,18.38,68,50,3.18,ZA,1742152679
203,tura,25.5198,90.2201,22.68,34,8,1.94,IN,1742152681
204,fort bragg,35.139,-79.006,20.91,94,100,3.6,US,1742152416
205,pisco,-13.7,-76.2167,26.03,57,0,8.75,PE,1742152685
206,tamanrasset,22.785,5.5228,26.95,17,40,4.12,DZ,1742152687
207,port saint john's,-31.6229,29.5448,21.94,85,100,7.89,ZA,1742152688
208,nago,26.5881,127.9761,12.39,61,100,8.59,JP,1742152690
209,solnechnyy,50.7214,136.6319,-14.62,98,100,1.33,RU,1742152691
210,hovd,48.0056,91.6419,-13.12,87,55,1.08,MN,1742152693
211,lobito,-12.3481,13.5456,26.72,84,100,2.25,AO,1742152694
212,klyuchi,52.2667,79.1667,-4.71,85,100,4.01,RU,1742152696
213,ancud,-41.8697,-73.8203,15.03,76,100,3.46,CL,1742152573
214,orivesi,61.6777,24.3572,-4.03,74,57,4.02,FI,1742152699
215,sakakah,29.9697,40.2064,19.76,29,0,3.2,SA,1742152612
216,aral,40.5156,81.2636,5.87,18,11,0.97,CN,1742152702
217,saldanha,-33.0117,17.9442,17.89,92,100,6.33,ZA,1742152703
218,dunedin,-45.8742,170.5036,18.78,72,52,3.72,NZ,1742152528
219,vilyuchinsk,52.9306,158.4028,-9.85,77,79,5.64,RU,1742152709
220,afaahiti,-17.75,-149.2833,26.28,81,78,8.5,PF,1742152710
221,man,7.4125,-7.5538,26.04,74,80,0.4,CI,1742152712
222,aleksandrov gay,50.147,48.5704,15.71,53,100,7.24,RU,1742152714
223,sile,41.1754,29.6133,18.14,48,100,5.68,TR,1742152715
224,vila franca do campo,37.7167,-25.4333,14.23,75,100,13.54,PT,1742152716
225,alamar,23.1583,-82.2769,31.13,50,5,8.57,CU,1742152718
226,ola,59.5833,151.2833,-25.29,81,99,3.18,RU,1742152719
227,new norfolk,-42.7826,147.0587,8.29,79,17,1.73,AU,1742152721
228,pekan,3.4836,103.3996,25.04,85,99,3.86,MY,1742152723
229,santana,-0.0583,-51.1817,29.1,79,40,4.63,BR,1742152725
230,ebaye,8.7748,167.7392,28.01,74,75,7.2,MH,1742152727
231,paramonga,-10.6667,-77.8333,24.18,75,97,5.04,PE,1742152728
232,al kharijah,25.4514,30.5464,27.65,21,0,4.07,EG,1742152729
233,guangyuan,32.442,105.823,6.17,52,100,0.73,CN,1742152731
234,nagqu,31.5,92.0,-3.01,31,46,7.76,CN,1742152732
235,happy valley-goose bay,53.3168,-60.3315,-10.83,79,100,2.57,CA,1742152734
236,khash,28.2211,61.2158,14.16,14,0,2.57,IR,1742152736
237,menemen,38.6075,27.0694,22.88,31,0,4.12,TR,1742152738
238,borogontsy,62.6683,131.1683,-28.14,100,100,1.36,RU,1742152739
239,mount gambier,-37.8333,140.7667,13.73,49,100,3.98,AU,1742152740
240,laguna de duero,41.5815,-4.7233,6.64,51,10,3.35,ES,1742152742
241,collie,-33.3667,116.15,13.56,76,0,4.13,AU,1742152743
242,amga,60.8953,131.9608,-29.72,100,100,0.79,RU,1742152746
243,dampit,-8.2116,112.7493,21.77,96,100,0.61,ID,1742152748
244,masuguru,-11.3667,38.4167,23.23,96,100,1.15,TZ,1742152749
245,holualoa,19.6228,-155.9522,25.31,63,0,2.57,US,1742152750
246,pangody,65.85,74.4859,-9.91,87,9,6.46,RU,1742152752
247,lihue,21.9789,-159.3672,22.08,83,100,3.6,US,1742152753
248,sao vicente,-23.9631,-46.3919,23.32,26,100,2.24,BR,1742152584
249,lata,40.1629,-8.3327,9.14,80,98,2.34,PT,1742152756
250,lerwick,60.1545,-1.1494,3.93,65,37,3.15,GB,1742152758
251,montefiascone,42.5393,12.0362,6.03,85,42,2.99,IT,1742152759
252,xudat,41.631,48.681,15.7,49,11,1.51,AZ,1742152760
253,zouerate,22.7187,-12.4521,26.45,16,0,4.02,MR,1742152762
254,tayoltita,24.0833,-105.9333,35.53,8,88,2.99,MX,1742152764
255,sibolga,1.7427,98.7792,24.63,90,100,1.31,ID,1742152765
256,uchiza,-8.4592,-76.4633,23.48,93,100,1.02,PE,1742152767
257,yanbu,24.0891,38.0637,28.02,44,0,3.6,SA,1742152770
258,weno,7.4515,151.8468,26.97,89,100,4.12,FM,1742152771
259,okawa,33.2,130.35,3.94,46,73,6.73,JP,1742152773
260,northam,51.0333,-4.2167,5.02,78,22,4.34,GB,1742152774
261,newman,37.3138,-121.0208,15.59,66,100,3.58,US,1742152776
262,nogamerzin-yurt,43.6536,44.8889,20.72,31,99,2.01,RU,1742152777
263,kapit,2.0167,112.9333,22.78,100,100,0.56,MY,1742152778
264,buxton,53.2574,-1.9098,6.49,85,27,4.54,GB,1742152547
265,barra de santo antonio,-9.4047,-35.5072,28.11,69,27,4.45,BR,1742152782
266,stavern,59.0,10.0333,2.4,49,0,5.23,NO,1742152783
267,znamenskoye,57.1281,73.8282,0.75,99,100,3.04,RU,1742152785
268,ares,-6.1944,-35.1603,26.87,82,100,4.65,BR,1742152787
269,harper,4.375,-7.7169,27.27,81,63,2.94,LR,1742152789
270,praia,14.9215,-23.5087,23.3,64,20,6.17,CV,1742152791
271,zarghun shahr,32.8473,68.4457,7.19,39,0,2.07,AF,1742152792
272,la ronge,55.1001,-105.2842,-12.86,52,40,2.57,CA,1742152795
273,kangal,39.2335,37.3911,10.0,57,100,2.27,TR,1742152796
274,mao,39.8885,4.2658,13.31,88,20,4.12,ES,1742152798
275,nishinoomote,30.7333,131.0,9.04,66,100,18.01,JP,1742152683
276,kaa-khem,51.6833,94.7333,-15.3,86,4,1.79,RU,1742152801
277,gulf shores,30.246,-87.7008,23.03,47,0,9.26,US,1742152802
278,daxi,24.8837,121.2904,14.31,72,99,4.25,TW,1742152803
279,sierra grande,-41.606,-65.3557,26.22,33,67,3.99,AR,1742152805
280,okha,53.5739,142.9478,-22.4,100,75,1.87,RU,1742152806
281,lebu,-37.6167,-73.65,16.19,69,1,6.79,CL,1742152808
282,ambatondrazaka,-17.8333,48.4167,21.04,95,100,2.8,MG,1742152810
283,kushiro,42.975,144.3747,-2.47,100,100,6.17,JP,1742152811
284,mulayjah,27.271,48.4242,19.54,47,0,3.2,SA,1742152813
285,kurchatov,51.6601,35.6521,1.21,64,100,2.67,RU,1742152814
286,abepura,-2.6333,140.5833,24.45,100,20,0.51,ID,1742152815
287,maun,-19.9833,23.4167,22.98,100,0,3.09,BW,1742152817
288,alotau,-10.3069,150.4462,25.13,92,100,1.21,PG,1742152818
289,okhotsk,59.3833,143.3,-22.1,87,2,3.89,RU,1742152820
290,muborak,39.2553,65.1528,16.92,28,16,0.4,UZ,1742152821
291,margate,51.3813,1.3862,6.04,78,9,1.34,GB,1742152823
292,businga,3.3333,20.8833,22.45,92,100,3.74,CD,1742152825
293,sur,22.5667,59.5289,23.46,47,6,2.5,OM,1742152826
294,belmonte,-15.8631,-38.8828,28.63,64,41,3.7,BR,1742152828
295,sinanpasa,38.7444,30.2428,15.11,44,100,3.8,TR,1742152829
296,carnarvon,-24.8667,113.6333,27.42,71,76,5.13,AU,1742152831
297,launceston,-41.45,147.1667,6.8,65,5,2.06,AU,1742152832
298,s'arenal,39.5,2.75,15.05,81,20,6.69,ES,1742152833
299,patong,7.8961,98.2966,26.08,79,45,3.5,TH,1742152836
300,beira,-19.8436,34.8389,26.05,78,40,5.66,MZ,1742152837
301,anamur,36.0751,32.8369,20.54,44,100,3.67,TR,1742152839
302,ust-tsilma,65.441,52.1498,-2.98,94,100,3.27,RU,1742152840
303,olinda,-8.0089,-34.8553,28.85,79,40,4.63,BR,1742152841
304,talnakh,69.4865,88.3972,-13.08,93,82,3.37,RU,1742152843
305,darwin,-12.4611,130.8418,24.99,94,88,1.54,AU,1742152844
306,guerrero negro,27.9769,-114.0611,21.04,39,1,2.68,MX,1742152845
307,santa ana,33.7456,-117.8678,20.48,54,75,2.57,US,1742152583
308,tarinkot,32.6268,65.8733,13.34,30,0,1.67,AF,1742152848
309,macau,22.2006,113.5461,15.85,63,20,8.75,MO,1742152662
310,bel ombre,-4.6167,55.4167,27.91,83,20,3.6,SC,1742152851
311,chernyshevsk,52.5243,117.0174,-16.3,93,100,0.99,RU,1742152852
312,nyaunglebin,17.95,96.7333,23.64,62,19,2.42,MM,1742152855
313,cooma,-36.2333,149.1333,5.38,71,5,4.42,AU,1742152858
314,anadyr,64.75,177.4833,-30.72,76,0,4.0,RU,1742152728
315,hilo,19.7297,-155.09,23.3,97,22,1.34,US,1742152628
316,tidjikja,18.5564,-11.4271,31.41,15,0,1.53,MR,1742152863
317,forster,-32.1667,152.5167,21.29,84,100,10.57,AU,1742152865
318,kindu,-2.95,25.95,21.83,94,100,1.42,CD,1742152785
319,kodiak,57.79,-152.4072,-1.27,51,40,5.66,US,1742152826
320,praia da vitoria,38.7333,-27.0667,14.14,72,40,14.05,PT,1742152869
321,greymouth,-42.4667,171.2,15.75,84,95,2.14,NZ,1742152871
322,vorgashor,67.5833,63.95,-5.82,95,100,7.7,RU,1742152657
323,ceeldheer,3.8488,47.1806,27.26,80,25,6.12,SO,1742152875
324,kampong chhnang,12.1667,104.55,26.08,75,100,2.72,KH,1742152877
325,yilan,24.757,121.753,12.38,79,100,2.21,TW,1742152878
326,bria,6.5423,21.9863,29.16,35,69,1.87,CF,1742152880
327,skelleftea,64.7507,20.9528,-2.78,58,0,4.12,SE,1742152882
328,general acha,-37.377,-64.6043,27.74,43,0,4.85,AR,1742152650
329,mugia,43.1041,-9.2179,9.95,71,0,8.72,ES,1742152885
330,huangshi,30.2042,115.0776,7.01,52,100,1.01,CN,1742152887
331,persembe,41.0656,37.7714,16.68,47,100,4.64,TR,1742152888
332,bardai,11.65,7.2333,28.73,7,99,4.23,NG,1742152890
333,monze,-16.2833,27.4833,17.71,98,14,2.14,ZM,1742152891
334,kantunilkin,21.0917,-87.45,36.91,31,6,2.91,MX,1742152892
335,mournies,35.4764,24.0092,22.13,58,0,3.09,GR,1742152895
336,asaita,11.5636,41.4394,28.16,46,99,3.98,ET,1742152897
337,kalmunai,7.4167,81.8167,26.28,82,79,1.68,LK,1742152898
338,eldorado at santa fe,35.5264,-105.9347,10.04,30,0,4.02,US,1742152899
339,voi,-3.3945,38.563,25.21,76,90,3.76,KE,1742152902
340,urzhar,47.093,81.6294,-3.5,66,0,3.76,KZ,1742152804
341,hasaki,35.7333,140.8333,10.25,85,100,7.1,JP,1742152905
342,geraldton,-28.7667,114.6,26.23,41,0,11.32,AU,1742152909
343,fortuna,40.5982,-124.1573,13.53,94,75,7.2,US,1742152910
344,kuragino,53.8975,92.6725,-1.62,95,100,1.67,RU,1742152912
345,ouesso,1.6136,16.0517,24.53,74,32,0.17,CG,1742152914
346,chinchilla,-26.75,150.6333,20.01,93,0,0.45,AU,1742152915
347,damara,4.9608,18.7035,27.97,48,100,1.33,CF,1742152916
348,betafo,-19.8333,46.85,17.68,95,100,2.62,MG,1742152918
349,tursunzoda,38.5144,68.2333,12.77,50,15,2.23,TJ,1742152828
350,ghanzi,-21.5667,21.7833,23.94,58,74,3.01,BW,1742152920
351,saint-joseph,-21.3667,55.6167,28.21,81,88,3.27,RE,1742152921
352,fuglafjordur,62.244,-6.814,5.6,89,87,3.46,FO,1742152922
353,lashio,22.9333,97.75,17.37,40,0,0.78,MM,1742152924
354,along,28.1667,94.7667,14.75,96,99,0.26,IN,1742152927
355,puerto santa,-8.9906,-78.6456,24.22,75,96,5.06,PE,1742152929
356,miguel ahumada,30.6167,-106.5167,15.4,20,78,1.93,MX,1742152931
357,puerto armuelles,8.2833,-82.8667,29.49,64,56,3.58,PA,1742152933
358,bernardo de irigoyen,-26.2552,-53.6458,29.62,32,0,0.84,AR,1742152935
359,vyaz'ma,55.2104,34.2951,-0.67,69,99,3.38,RU,1742152936
360,lompoc,34.6391,-120.4579,17.3,69,0,3.6,US,1742152938
361,harar,9.3094,42.1258,19.8,35,9,1.82,ET,1742152941
362,acarau,-2.8856,-40.12,28.39,75,42,4.13,BR,1742152943
363,kokpekty,48.75,82.4,-13.07,81,0,1.17,KZ,1742152804
364,muromtsevo,56.3724,75.2418,0.92,99,100,3.75,RU,1742152947
365,ta`u,-14.2336,-169.5144,28.58,75,31,7.08,AS,1742152948
366,cockburn town,21.4612,-71.1419,24.66,70,7,4.84,TC,1742152796
367,ulsteinvik,62.3432,5.8487,1.28,87,53,0.45,NO,1742152951
368,ad dilinjat,30.8279,30.5363,18.3,47,0,3.61,EG,1742152952
369,belyy yar,53.6039,91.3903,-7.06,86,100,2.0,RU,1742152954
370,wanlaweyn,2.6185,44.8938,27.88,68,53,8.32,SO,1742152955
371,playa del ingles,27.7567,-15.5787,19.86,75,1,0.45,ES,1742152957
372,faya-largeau,17.9257,19.1043,28.57,6,100,4.95,TD,1742152958
373,aleksandrovsk-sakhalinskiy,50.8975,142.1561,-15.44,97,10,2.55,RU,1742152960
374,corumba,-19.0092,-57.6533,35.95,38,20,2.57,BR,1742152962
375,broome,42.2506,-75.833,19.79,74,100,7.6,US,1742152963
376,peace river,56.2501,-117.286,-8.83,73,100,2.06,CA,1742152964
377,bacliff,29.5069,-94.9924,24.49,24,0,5.14,US,1742152965
378,choyr,46.3611,108.3611,-7.51,67,1,3.37,MN,1742152967
379,solleftea,63.1667,17.2667,-2.08,87,4,2.35,SE,1742152968
380,moree,-29.4667,149.85,23.2,35,100,1.62,AU,1742152973
381,idri,27.5,13.2667,29.45,14,19,4.48,LY,1742152804
382,nyurba,63.2842,118.3319,-5.67,96,100,2.61,RU,1742152976
383,san luis de la loma,17.2706,-100.8939,29.41,53,8,4.72,MX,1742152977
384,falenki,58.3613,51.5946,-15.86,100,66,1.05,RU,1742152978
385,impfondo,1.6381,18.0667,23.31,80,81,1.21,CG,1742152982
386,torrevieja,37.9787,-0.6822,15.7,70,74,1.34,ES,1742152983
387,howard springs,-12.497,131.047,24.95,100,99,2.04,AU,1742152985
388,betioky,-23.7167,44.3833,20.0,75,0,4.91,MG,1742152986
389,kendari,-3.945,122.4989,24.28,95,100,2.05,ID,1742152987
390,goz beida,13.95,20.55,27.56,9,3,5.04,TD,1742152989
391,coeur d'alene,47.6777,-116.7805,5.98,83,100,8.75,US,1742152991
392,suva,-18.1416,178.4415,24.71,100,75,0.51,FJ,1742152459
393,kadhan,24.481,68.9859,25.86,22,0,3.25,PK,1742152996
394,bengkulu,-3.8004,102.2655,24.82,89,100,1.4,ID,1742152997
395,yuzhno-kurilsk,44.0306,145.8556,-2.77,94,100,10.15,RU,1742152998
396,horsham,51.064,-0.3272,6.85,68,75,3.6,GB,1742153000
397,boguchany,58.3814,97.4531,-10.03,100,97,1.84,RU,1742153001
398,ilhabela,-23.7781,-45.3581,24.46,87,100,1.48,BR,1742152850
399,warud,21.4667,78.2667,28.85,24,0,5.21,IN,1742153004
400,mount isa,-20.7333,139.5,22.87,78,53,0.0,AU,1742153005
401,usogorsk,63.4106,48.6872,-1.91,96,100,4.08,RU,1742153007
402,portland,45.5234,-122.6762,8.46,93,100,2.57,US,1742152905
403,shiguai,40.7058,110.2856,-2.32,31,2,5.51,CN,1742153010
404,saint-pierre,-21.3393,55.4781,28.82,70,75,5.14,RE,1742152824
405,richards bay,-28.783,32.0377,20.83,74,100,3.63,ZA,1742153014
406,lae,-6.7221,146.9847,22.15,89,100,2.29,PG,1742153016
407,west monroe,32.5185,-92.1476,17.0,27,0,6.69,US,1742152818
408,rudbar,30.15,62.6,19.48,17,0,2.07,AF,1742153019
409,benguela,-12.5763,13.4055,26.74,84,99,3.04,AO,1742153020
410,hithadhoo,-0.6,73.0833,28.55,66,7,3.16,MV,1742153022
411,sidhi,24.4167,81.8833,25.25,31,5,1.36,IN,1742152864
412,puerto aysen,-45.4,-72.7,12.31,99,100,2.18,CL,1742153024
413,sarykemer,43.0,71.5,6.71,38,20,0.82,KZ,1742153025
414,mitu,1.1983,-70.1733,29.43,69,91,0.33,CO,1742153027
415,kailua-kona,19.6406,-155.9956,26.44,71,0,2.57,US,1742153029
416,port-vila,-17.7338,168.3219,23.78,94,100,4.12,VU,1742153030
417,pacific grove,36.6177,-121.9166,16.32,75,20,5.14,US,1742152742
418,zheleznogorsk,52.331,35.3711,-0.36,67,7,2.71,RU,1742153033
419,gurupi,-11.7292,-49.0686,28.29,75,100,3.03,BR,1742152766
420,remire-montjoly,4.9167,-52.2667,31.02,62,40,6.69,GF,1742153037
421,kampen,52.555,5.9111,6.67,81,95,3.0,NL,1742153038
422,ivdel',60.6911,60.4206,-9.21,96,12,1.41,RU,1742153039
423,galdakao,43.2333,-2.8333,8.05,62,20,4.92,ES,1742153041
424,novovarshavka,54.1721,74.6946,0.69,95,100,4.53,RU,1742153042
425,khorramabad,33.4878,48.3558,10.79,50,0,2.06,IR,1742153044
426,parabel',58.6978,81.4825,-1.12,96,100,4.94,RU,1742153045
427,katsuura,35.1333,140.3,12.37,70,3,14.22,JP,1742153047
428,banamba,13.55,-7.45,35.89,18,100,3.08,ML,1742153048
429,san matias,-16.3667,-58.4,38.15,30,22,1.58,BO,1742153049
430,fedorovka,53.6314,62.7078,1.78,98,100,6.71,KZ,1742153051
431,la rioja,42.25,-2.5,1.88,91,93,1.05,ES,1742153052
432,gilgit,35.9221,74.3087,-0.22,47,0,1.88,PK,1742152804
433,gisborne,-38.6533,178.0042,16.67,82,0,3.59,NZ,1742153055
434,enriquillo,17.9,-71.2333,26.14,70,68,2.94,DO,1742153057
435,vila velha,-20.3297,-40.2925,27.97,78,75,5.14,BR,1742152764
436,sal rei,16.1833,-22.9167,22.11,73,20,10.29,CV,1742153060
437,barkhan,29.8977,69.5256,15.18,40,0,1.4,PK,1742153061
438,cova figueira,14.8905,-24.2934,17.0,75,5,7.97,CV,1742153063
439,east falmouth,41.5784,-70.5586,16.06,82,96,4.92,US,1742153064
440,zhangjiakou shi xuanhua qu,40.6103,115.0447,-0.35,55,100,6.45,CN,1742153065
441,arno,60.1167,18.6333,-0.4,63,4,7.8,SE,1742153067
442,norfolk,42.1668,-71.2495,21.4,70,100,3.13,US,1742153068
443,tortoli,39.9256,9.6572,10.63,63,0,1.79,IT,1742153070
444,hirson,49.9226,4.0826,3.3,75,8,4.76,FR,1742153073
445,corning,42.1428,-77.0547,17.18,83,100,11.08,US,1742153075
446,rawson,-43.3002,-65.1023,22.16,40,0,4.63,AR,1742153076
447,barcelos,41.5388,-8.6151,8.77,75,54,1.19,PT,1742153078
448,cabo san lucas,22.8909,-109.9124,23.75,43,40,6.69,MX,1742153080
449,cheyyur,12.3495,80.003,27.1,81,5,3.22,IN,1742153081
450,kayangel,8.0823,134.7173,27.55,72,100,1.1,PW,1742153083
451,lospalos,-8.5186,127.0025,22.6,92,100,0.6,TL,1742153084
452,quellon,-43.1167,-73.6167,14.69,75,100,3.18,CL,1742153086
453,bonthe,7.5264,-12.505,25.89,75,76,5.27,SL,1742153087
454,nar'yan-mar,67.6713,53.087,-8.32,86,10,10.05,RU,1742153088
455,tokmak,47.2514,35.7058,11.55,72,100,4.35,UA,1742153092
456,beau vallon,-20.4189,57.6953,28.13,74,20,1.03,MU,1742153093
457,kidal,18.4411,1.4078,34.05,9,5,3.35,ML,1742153095
458,opuwo,-18.0607,13.84,21.24,82,100,2.56,NA,1742153096
459,marrakesh,31.6315,-8.0083,18.04,45,40,2.06,MA,1742153098
460,rybnoye,54.7256,39.5119,-2.0,75,0,3.49,RU,1742153099
461,piacabucu,-10.4056,-36.4344,28.76,66,100,5.95,BR,1742153100
462,srikakulam,18.3,83.9,24.43,82,0,3.04,IN,1742153102
463,camana,-16.6228,-72.7111,23.48,77,100,4.13,PE,1742153018
464,labrador city,52.9463,-66.9114,-3.05,86,100,5.14,CA,1742153105
465,san pedro pochutla,15.7333,-96.4667,32.62,34,0,4.32,MX,1742153107
466,salanso,12.1833,-4.0833,37.78,16,13,3.61,BF,1742153108
467,markapur,15.7333,79.2833,24.27,60,0,1.44,IN,1742153109
468,urangan,-25.3,152.9,23.37,77,100,1.16,AU,1742153111
469,lagunas,-5.2269,-75.6753,23.97,90,100,1.48,PE,1742152983
470,marathon,44.9,-89.7668,0.74,47,0,9.26,US,1742153116
471,ixtapa,20.7,-105.2,23.57,57,20,5.14,MX,1742153117
472,kuanda,56.3161,116.0806,-12.84,97,100,0.29,RU,1742153118
473,santa marinella,42.0345,11.8536,9.18,83,8,5.81,IT,1742153121
474,nadi,-17.8,177.4167,24.0,88,75,0.51,FJ,1742153124
475,torghay,49.6339,63.4981,1.84,83,83,4.38,KZ,1742153126
476,salekhard,66.53,66.6019,-5.87,90,100,6.53,RU,1742153127
477,sitka,57.0531,-135.33,1.94,48,0,2.57,US,1742152926
478,greenland,43.0362,-70.8328,19.05,79,100,5.14,US,1742153130
479,plesetsk,62.708,40.2916,-10.32,95,100,3.12,RU,1742153131
480,sosnovo-ozerskoye,52.5249,111.5418,-20.1,100,44,1.24,RU,1742153133
481,shizunai-furukawacho,42.3339,142.3669,1.44,69,100,6.77,JP,1742153135
482,the bottom,17.6259,-63.2492,24.03,67,0,3.13,BQ,1742153136
483,frutal,-20.0247,-48.9406,25.55,80,94,6.42,BR,1742153137
484,pariaman,-0.619,100.12,23.03,87,100,2.23,ID,1742153139
485,celestun,20.8667,-90.4,28.16,76,17,5.21,MX,1742153140
486,chechelnyk,48.2127,29.3599,6.87,63,100,2.83,UA,1742153142
487,maceio,-9.6658,-35.7353,30.69,62,20,6.69,BR,1742152995
488,menongue,-14.6585,17.691,19.15,91,100,1.88,AO,1742153144
489,atripalda,40.9158,14.8246,8.4,84,19,2.68,IT,1742153145
490,nadym,65.5333,72.5167,-9.82,89,16,6.46,RU,1742153147
491,yanchep,-31.55,115.6833,20.11,53,0,6.59,AU,1742153148
492,vernon,50.2581,-119.2691,5.97,83,22,1.03,CA,1742153151
493,karamay,45.6004,84.8661,0.52,40,0,0.78,CN,1742153153
494,laguna,38.421,-121.4238,16.8,59,0,6.69,US,1742152961
495,west point,33.6076,-88.6503,16.04,52,20,7.2,US,1742152902
496,sandnessjoen,66.0217,12.6316,2.06,60,75,3.6,NO,1742153157
497,onguday,50.75,86.15,-9.58,91,42,1.28,RU,1742153024
498,alofi,-19.0595,-169.9187,26.94,94,20,3.09,NU,1742153160
499,sambava,-14.2667,50.1667,26.46,88,23,1.28,MG,1742153164
500,tazovsky,67.4667,78.7,-11.73,90,20,6.2,RU,1742153165
501,grande prairie,55.1667,-118.8027,-7.9,67,40,1.03,CA,1742153052
502,teofilo otoni,-17.8575,-41.5053,32.53,37,55,3.96,BR,1742153116
503,sao luiz gonzaga,-28.4083,-54.9608,32.74,18,0,2.84,BR,1742153169
504,touros,-5.1989,-35.4608,28.08,72,30,4.69,BR,1742152902
505,graaff-reinet,-32.2522,24.5308,21.62,76,86,4.82,ZA,1742153172
506,bouarfa,32.53,-1.95,15.44,26,100,2.46,MA,1742153173
507,tambopata,-12.7333,-69.1833,25.94,94,40,2.06,PE,1742153175
508,lent'ekhi,42.7856,42.7261,10.25,65,90,3.3,GE,1742153176
509,kerikeri,-35.2268,173.9474,17.17,91,100,0.95,NZ,1742153177
510,machachi,-0.5,-78.5667,16.1,76,55,1.39,EC,1742153179
511,jian'ou,27.0469,118.3253,7.09,82,100,1.29,CN,1742153181
512,antsiranana,-12.2787,49.2917,26.29,85,14,3.54,MG,1742153183
513,tromso,69.6496,18.957,-0.99,74,100,8.72,NO,1742153184
514,gaspe,48.8334,-64.4819,2.12,80,100,3.6,CA,1742153162
515,muynoq,43.7683,59.0214,15.69,28,100,3.01,UZ,1742153187
516,siniscola,40.5719,9.6922,7.89,67,0,2.23,IT,1742153189
517,tateyama,34.9833,139.8667,12.41,60,6,14.7,JP,1742153191
518,tralee,52.2704,-9.7026,7.06,67,100,2.83,IE,1742153193
519,medicine hat,50.0501,-110.6683,-2.1,76,100,2.06,CA,1742153195
520,mokhsogollokh,61.4681,128.9203,-27.71,100,100,0.76,RU,1742153196
521,kemin,42.7846,75.6892,4.22,53,57,2.87,KG,1742153199
522,zapala,-38.8992,-70.0544,25.58,7,100,5.23,AR,1742153023
523,bingen am rhein,49.9667,7.9,7.43,58,0,2.56,DE,1742153202
524,crepy-en-valois,49.2336,2.8881,7.84,57,26,4.58,FR,1742153203
525,east london,-33.0153,27.9116,22.72,79,45,5.17,ZA,1742153063
526,suihua,46.6406,126.9969,-8.18,68,16,2.6,CN,1742153206
527,mont-laurier,46.5501,-75.4993,11.49,95,100,7.04,CA,1742153207
528,stranraer,54.9023,-5.0273,7.84,72,100,2.18,GB,1742153208
529,cabedelo,-6.9811,-34.8339,25.37,77,13,5.41,BR,1742153210
530,robertson,36.5167,-86.8667,8.0,98,75,3.6,US,1742153211
531,ardestan,33.3761,52.3694,16.79,19,100,1.71,IR,1742153212
532,cidreira,-30.1811,-50.2056,23.74,73,43,6.19,BR,1742153214
533,galesong,-5.3166,119.3661,25.31,86,100,2.05,ID,1742153215
534,lulea,65.5842,22.1547,-1.96,43,0,5.14,SE,1742153116
535,paracuru,-3.41,-39.0306,28.33,73,30,2.99,BR,1742153218
536,iida,35.5197,137.8207,3.91,89,100,1.89,JP,1742153219
